Date,Price, Yield,Dividend
1881-01-01,145.43,4.36,6.34
1881-02-01,143.58,4.38,6.28
1881-03-01,145.21,4.49,6.52
1881-04-01,143.24,4.5,6.45
1881-05-01,151.26,4.46,6.75
1881-06-01,153.13,4.41,6.75
1881-07-01,146.24,4.72,6.91
1881-08-01,140.01,4.84,6.77
1881-09-01,135.87,4.96,6.74
1881-10-01,132.4,5.04,6.67
1881-11-01,134.57,5.17,6.96
1881-12-01,130.66,5.32,6.96
1882-01-01,128.7,5.41,6.96
1882-02-01,124.65,5.53,6.89
1882-03-01,124.43,5.54,6.89
1882-04-01,123.35,5.54,6.83
1882-05-01,120.7,5.6,6.76
1882-06-01,119.04,5.63,6.71
1882-07-01,126.83,5.33,6.76
1882-08-01,129.52,5.18,6.71
1882-09-01,134.34,5.13,6.89
1882-10-01,131.96,5.27,6.96
1882-11-01,127.43,5.51,7.02
1882-12-01,129.37,5.48,7.09
1883-01-01,128.71,5.51,7.09
1883-02-01,124.58,5.63,7.02
1883-03-01,127.38,5.57,7.09
1883-04-01,131.22,5.45,7.15
1883-05-01,130.3,5.55,7.23
1883-06-01,135.44,5.67,7.68
1883-07-01,136.06,5.76,7.84
1883-08-01,129.89,6.03,7.84
1883-09-01,132.59,5.97,7.91
1883-10-01,129,6.13,7.91
1883-11-01,132.35,6.04,8
1883-12-01,128.04,6.18,7.91
1884-01-01,124.2,6.37,7.91
1884-02-01,127.56,6.2,7.91
1884-03-01,127.08,6.23,7.91
1884-04-01,123.87,6.32,7.83
1884-05-01,116.28,6.88,8
1884-06-01,111.53,7.17,8
1884-07-01,112.8,7.17,8.09
1884-08-01,119.89,6.75,8.09
1884-09-01,117.3,6.97,8.18
1884-10-01,114.79,6.98,8.01
1884-11-01,115.02,7.13,8.2
1884-12-01,116,7.14,8.29
1885-01-01,113.33,7.08,8.02
1885-02-01,115.55,6.86,7.93
1885-03-01,118.5,6.62,7.85
1885-04-01,116.8,6.64,7.75
1885-05-01,118.18,6.48,7.66
1885-06-01,120.46,6.51,7.84
1885-07-01,123.53,6.05,7.48
1885-08-01,130.46,5.52,7.2
1885-09-01,130.26,5.59,7.28
1885-10-01,137.83,5.08,7
1885-11-01,145.14,4.77,6.92
1885-12-01,140.69,4.62,6.49
1886-01-01,144.03,4.62,6.65
1886-02-01,146.8,4.53,6.65
1886-03-01,145.39,4.62,6.72
1886-04-01,145.27,4.49,6.53
1886-05-01,145.99,4.58,6.69
1886-06-01,154.5,4.38,6.77
1886-07-01,155,4.32,6.69
1886-08-01,154.14,4.28,6.6
1886-09-01,158.16,4.17,6.6
1886-10-01,162.18,3.89,6.31
1886-11-01,166.2,3.8,6.31
1886-12-01,160.02,3.9,6.24
1887-01-01,154.56,3.94,6.09
1887-02-01,151.55,4.15,6.29
1887-03-01,155.11,4.06,6.29
1887-04-01,158.66,3.97,6.29
1887-05-01,161.4,3.9,6.29
1887-06-01,158.71,4.19,6.65
1887-07-01,156.6,4.29,6.72
1887-08-01,150.96,4.4,6.65
1887-09-01,150.71,4.46,6.72
1887-10-01,144.03,4.81,6.92
1887-11-01,144.99,4.72,6.84
1887-12-01,140.86,4.74,6.68
1888-01-01,140.4,4.71,6.61
1888-02-01,141.13,4.73,6.68
1888-03-01,135.78,4.92,6.68
1888-04-01,137.98,4.71,6.49
1888-05-01,141.43,4.64,6.57
1888-06-01,138.77,4.79,6.65
1888-07-01,140.61,4.67,6.57
1888-08-01,143.62,4.57,6.57
1888-09-01,147.18,4.46,6.57
1888-10-01,144.74,4.3,6.22
1888-11-01,140.06,4.39,6.15
1888-12-01,137.38,4.47,6.15
1889-01-01,145.14,4.39,6.37
1889-02-01,148.47,4.34,6.44
1889-03-01,147.26,4.43,6.53
1889-04-01,146.97,4.44,6.53
1889-05-01,154.71,4.32,6.69
1889-06-01,157.33,4.25,6.69
1889-07-01,154.13,4.15,6.4
1889-08-01,156.17,4.1,6.4
1889-09-01,157.87,4,6.31
1889-10-01,155,4.07,6.31
1889-11-01,153.57,4.11,6.31
1889-12-01,150.94,4.14,6.24
1890-01-01,156.46,4.09,6.4
1890-02-01,154.71,4.14,6.4
1890-03-01,153.55,4.17,6.4
1890-04-01,156.75,4.08,6.4
1890-05-01,161.32,3.91,6.31
1890-06-01,160.17,3.94,6.31
1890-07-01,159.02,3.97,6.31
1890-08-01,149.85,4.07,6.09
1890-09-01,145.53,4.14,6.02
1890-10-01,138.97,4.33,6.02
1890-11-01,131.95,4.67,6.16
1890-12-01,128.86,4.78,6.16
1891-01-01,137.33,4.55,6.24
1891-02-01,137.27,4.49,6.16
1891-03-01,133.23,4.57,6.09
1891-04-01,135.96,4.43,6.02
1891-05-01,137.11,4.44,6.09
1891-06-01,137.61,4.54,6.24
1891-07-01,136.92,4.61,6.31
1891-08-01,141.51,4.46,6.31
1891-09-01,155,4.13,6.4
1891-10-01,155,4.13,6.4
1891-11-01,154.5,4.19,6.47
1891-12-01,159.21,4.07,6.47
1892-01-01,166.36,3.99,6.64
1892-02-01,166.66,3.99,6.64
1892-03-01,172.96,4.12,7.13
1892-04-01,175.1,4.13,7.23
1892-05-01,175.1,4.13,7.23
1892-06-01,174.16,4.15,7.23
1892-07-01,169.58,4.15,7.04
1892-08-01,169.68,4.09,6.94
1892-09-01,165.45,4.38,7.25
1892-10-01,168.78,4.29,7.25
1892-11-01,163.92,4.31,7.06
1892-12-01,160.24,4.36,6.98
1893-01-01,157.16,4.28,6.72
1893-02-01,152.62,4.36,6.65
1893-03-01,150.66,4.52,6.81
1893-04-01,152.42,4.52,6.89
1893-05-01,140.75,4.96,6.98
1893-06-01,137.5,5.42,7.46
1893-07-01,127.95,5.98,7.65
1893-08-01,129.92,6.13,7.96
1893-09-01,133.77,5.72,7.65
1893-10-01,135.87,5.56,7.55
1893-11-01,141.65,5.47,7.75
1893-12-01,138.63,5.67,7.86
1894-01-01,139.57,5.79,8.08
1894-02-01,143.39,5.48,7.86
1894-03-01,151.92,5.32,8.08
1894-04-01,153.94,5.25,8.08
1894-05-01,148.21,5.23,7.75
1894-06-01,146.19,5.3,7.75
1894-07-01,143.16,5.41,7.75
1894-08-01,144.38,4.99,7.2
1894-09-01,144.74,4.91,7.11
1894-10-01,144.22,5.07,7.31
1894-11-01,144.22,4.84,6.98
1894-12-01,144.85,4.88,7.07
1895-01-01,143.16,4.94,7.07
1895-02-01,141.14,5.01,7.07
1895-03-01,141.14,5.01,7.07
1895-04-01,141.19,4.58,6.46
1895-05-01,146.8,4.34,6.37
1895-06-01,147.75,4.26,6.29
1895-07-01,150.3,4.24,6.37
1895-08-01,154.76,4.18,6.46
1895-09-01,155.72,4.15,6.46
1895-10-01,153.46,4,6.14
1895-11-01,148.29,4.14,6.14
1895-12-01,141.43,4.4,6.22
1896-01-01,141.89,4.45,6.31
1896-02-01,149.9,4.27,6.4
1896-03-01,147.54,4.34,6.4
1896-04-01,151.19,4.3,6.5
1896-05-01,152.87,4.32,6.6
1896-06-01,152.24,4.4,6.7
1896-07-01,142.37,4.46,6.34
1896-08-01,134.27,4.72,6.34
1896-09-01,141.31,4.49,6.34
1896-10-01,140.24,4.39,6.16
1896-11-01,145.55,4.11,5.98
1896-12-01,140.23,4.27,5.98
1897-01-01,144.35,4.27,6.16
1897-02-01,142.98,4.31,6.16
1897-03-01,143.32,4.3,6.16
1897-04-01,141.05,4.43,6.25
1897-05-01,143.78,4.41,6.34
1897-06-01,150.48,4.22,6.34
1897-07-01,157.17,4.04,6.34
1897-08-01,160,3.79,6.06
1897-09-01,163.04,3.61,5.89
1897-10-01,160.17,3.73,5.98
1897-11-01,154.52,3.87,5.98
1897-12-01,157.84,3.79,5.98
1898-01-01,162.16,3.69,5.98
1898-02-01,159.43,3.7,5.89
1898-03-01,152.23,4.09,6.22
1898-04-01,149.61,4.16,6.22
1898-05-01,149.07,3.9,5.82
1898-06-01,165.66,3.75,6.22
1898-07-01,168.81,3.74,6.31
1898-08-01,175.12,3.61,6.31
1898-09-01,174.79,3.8,6.65
1898-10-01,171.13,3.88,6.65
1898-11-01,176.78,3.76,6.65
1898-12-01,184.97,3.54,6.55
1899-01-01,199.05,3.29,6.55
1899-02-01,200.93,3.17,6.37
1899-03-01,203.8,3.12,6.37
1899-04-01,203.71,3.09,6.29
1899-05-01,195.22,3.22,6.29
1899-06-01,188.14,3.46,6.51
1899-07-01,192.23,3.34,6.43
1899-08-01,194.44,3.26,6.34
1899-09-01,185.25,3.3,6.11
1899-10-01,181.99,3.31,6.03
1899-11-01,183.29,3.25,5.96
1899-12-01,168.64,3.49,5.88
1/1/1900,170.88,3.61,6.16
2/1/1900,172.01,3.7,6.37
3/1/1900,173.39,3.67,6.37
4/1/1900,175.61,3.79,6.65
5/1/1900,171.37,4.14,7.09
6/1/1900,168.21,4.44,7.46
7/1/1900,166.27,4.44,7.38
8/1/1900,170.5,4.55,7.75
9/1/1900,164.56,4.83,7.94
10/1/1900,172.51,4.83,8.32
11/1/1900,186,4.48,8.32
12/1/1900,199.79,4.37,8.72
1/1/1901,202.94,4.24,8.61
2/1/1901,210.84,4.14,8.72
3/1/1901,218.4,4.13,9.02
4/1/1901,239.56,3.81,9.12
5/1/1901,227.49,4.01,9.12
6/1/1901,250.15,3.65,9.12
7/1/1901,230.62,3.91,9.02
8/1/1901,230.78,3.86,8.9
9/1/1901,226.98,4,9.08
10/1/1901,224.43,4.05,9.08
11/1/1901,226.35,3.96,8.96
12/1/1901,220.2,4.03,8.86
1/1/1902,227.47,3.94,8.96
2/1/1902,229.43,3.91,8.96
3/1/1902,229.71,3.9,8.96
4/1/1902,234.88,3.77,8.86
5/1/1902,231.43,3.78,8.75
6/1/1902,227.53,3.92,8.93
7/1/1902,232.67,3.84,8.93
8/1/1902,241.55,3.74,9.03
9/1/1902,239.44,3.73,8.93
10/1/1902,216.76,3.85,8.35
11/1/1902,215.3,4,8.62
12/1/1902,208.12,4.1,8.53
1/1/1903,216.2,3.9,8.43
2/1/1903,214.92,3.92,8.43
3/1/1903,213.64,4.21,8.99
4/1/1903,204.92,4.39,8.99
5/1/1903,205.62,4.47,9.2
6/1/1903,194.25,4.74,9.2
7/1/1903,185.33,4.96,9.2
8/1/1903,179.37,5.13,9.2
9/1/1903,172.93,5.41,9.35
10/1/1903,169.36,5.59,9.47
11/1/1903,171.8,5.57,9.57
12/1/1903,179.73,5.33,9.57
1/1/1904,178.54,5.24,9.35
2/1/1904,169.84,5.23,8.88
3/1/1904,171.34,5.25,8.99
4/1/1904,177.48,5.12,9.09
5/1/1904,177.81,5.08,9.03
6/1/1904,178.09,5.07,9.03
7/1/1904,185.47,4.87,9.03
8/1/1904,189.66,4.56,8.66
9/1/1904,195.65,4.37,8.55
10/1/1904,207.14,4.13,8.55
11/1/1904,213.47,3.79,8.1
12/1/1904,215.56,3.76,8.1
1/1/1905,220.26,3.68,8.1
2/1/1905,229.93,3.52,8.1
3/1/1905,239.29,3.54,8.46
4/1/1905,236.38,3.58,8.46
5/1/1905,227.19,3.76,8.55
6/1/1905,229.86,3.72,8.55
7/1/1905,237.08,3.61,8.55
8/1/1905,243.26,3.48,8.46
9/1/1905,246.7,3.58,8.82
10/1/1905,250.18,3.53,8.82
11/1/1905,246.16,3.54,8.73
12/1/1905,249.27,3.46,8.62
1/1/1906,257.89,3.44,8.88
2/1/1906,256.06,3.47,8.88
3/1/1906,249.79,3.66,9.15
4/1/1906,246.39,3.71,9.15
5/1/1906,237.34,3.92,9.31
6/1/1906,240.44,3.98,9.57
7/1/1906,242.16,4.08,9.89
8/1/1906,254.23,3.91,9.93
9/1/1906,259.32,3.79,9.82
10/1/1906,246.1,4.01,9.86
11/1/1906,248.32,3.93,9.75
12/1/1906,243.59,4.07,9.9
1/1/1907,239.06,4.18,10
2/1/1907,226.7,4.43,10.04
3/1/1907,206.7,4.91,10.15
4/1/1907,207.69,4.89,10.15
5/1/1907,196.34,5.19,10.18
6/1/1907,187.98,5.36,10.07
7/1/1907,195.17,5.16,10.07
8/1/1907,180.55,5.71,10.31
9/1/1907,178.63,5.77,10.31
10/1/1907,157.67,6.48,10.21
11/1/1907,154.72,7.04,10.89
12/1/1907,166.17,6.7,11.13
1/1/1908,175.05,6.42,11.24
2/1/1908,170.64,6.52,11.12
3/1/1908,177.62,6.26,11.12
4/1/1908,185.02,5.94,10.99
5/1/1908,194.99,5.5,10.73
6/1/1908,195.24,5.5,10.73
7/1/1908,200.32,5.3,10.62
8/1/1908,208.92,4.96,10.37
9/1/1908,206.64,5.02,10.37
10/1/1908,206.81,4.96,10.25
11/1/1908,218.59,4.53,9.9
12/1/1908,221.07,4.43,9.79
1/1/1909,224.28,4.42,9.9
2/1/1909,215.43,4.66,10.04
3/1/1909,218.37,4.6,10.04
4/1/1909,223.47,4.4,9.83
5/1/1909,228.67,4.36,9.97
6/1/1909,230.24,4.29,9.87
7/1/1909,233.53,4.23,9.87
8/1/1909,236.9,4.22,10.01
9/1/1909,234.67,4.22,9.9
10/1/1909,231.02,4.2,9.71
11/1/1909,227.57,4.32,9.84
12/1/1909,228.18,4.27,9.75
1/1/1910,225.33,4.37,9.84
2/1/1910,217.29,4.63,10.06
3/1/1910,218.46,4.52,9.87
4/1/1910,211.31,4.63,9.78
5/1/1910,211.78,4.71,9.97
6/1/1910,203.43,5.05,10.28
7/1/1910,193.14,5.32,10.28
8/1/1910,199.86,5.2,10.39
9/1/1910,203.29,5.16,10.5
10/1/1910,218.96,5.04,11.04
11/1/1910,223.23,5.05,11.27
12/1/1910,216.99,5.19,11.27
1/1/1911,222.27,5.07,11.27
2/1/1911,233.44,4.98,11.63
3/1/1911,228.16,5.04,11.51
4/1/1911,234.72,5.06,11.89
5/1/1911,239.77,4.96,11.89
6/1/1911,244.58,4.86,11.89
7/1/1911,240.82,4.88,11.75
8/1/1911,222.28,5.13,11.39
9/1/1911,207.88,5.42,11.27
10/1/1911,209.08,5.39,11.27
11/1/1911,219.86,5.18,11.39
12/1/1911,223.02,5.16,11.51
1/1/1912,221.07,5.15,11.39
2/1/1912,216.75,5.2,11.27
3/1/1912,218.49,5.05,11.04
4/1/1912,218.8,4.9,10.72
5/1/1912,218.57,4.91,10.72
6/1/1912,220.62,5.01,11.05
7/1/1912,220.85,5.01,11.05
8/1/1912,223.82,4.89,10.95
9/1/1912,222.66,4.87,10.84
10/1/1912,222.21,4.88,10.84
11/1/1912,219.73,4.93,10.84
12/1/1912,214.01,5.12,10.95
1/1/1913,210.02,5.16,10.84
2/1/1913,202.57,5.35,10.84
3/1/1913,198.73,5.45,10.84
4/1/1913,198.5,5.46,10.84
5/1/1913,195.07,5.61,10.95
6/1/1913,183.37,5.91,10.84
7/1/1913,183.98,5.83,10.73
8/1/1913,188.9,5.68,10.73
9/1/1913,188.78,5.63,10.62
10/1/1913,182.8,5.81,10.62
11/1/1913,176.39,5.96,10.52
12/1/1913,177.93,5.97,10.62
1/1/1914,185.24,5.73,10.62
2/1/1914,189.57,5.54,10.51
3/1/1914,185.99,5.65,10.51
4/1/1914,183.37,5.67,10.39
5/1/1914,182.64,5.63,10.28
6/1/1914,181.74,5.54,10.06
7/1/1914,169.97,5.86,9.96
8/1/1914,166.63,5.73,9.55
9/1/1914,166.63,5.73,9.55
10/1/1914,168.28,5.6,9.42
11/1/1914,166.63,5.6,9.33
12/1/1914,161.05,5.71,9.2
1/1/1915,163.9,5.61,9.2
2/1/1915,163.33,5.69,9.3
3/1/1915,169.22,5.55,9.39
4/1/1915,180.15,5.16,9.3
5/1/1915,174.2,5.28,9.2
6/1/1915,176.17,5.35,9.42
7/1/1915,175.51,5.37,9.42
8/1/1915,182.96,5.15,9.42
9/1/1915,189.76,4.97,9.42
10/1/1915,198.31,4.7,9.33
11/1/1915,203.26,4.55,9.24
12/1/1915,203.69,4.54,9.24
1/1/1916,198.54,4.72,9.36
2/1/1916,195.77,4.89,9.58
3/1/1916,193.28,5.02,9.7
4/1/1916,189.37,5.18,9.81
5/1/1916,191.73,5.18,9.93
6/1/1916,191.8,5.34,10.25
7/1/1916,189.14,5.53,10.45
8/1/1916,188.82,5.59,10.56
9/1/1916,193,5.48,10.57
10/1/1916,195.46,5.41,10.58
11/1/1916,196.48,5.39,10.58
12/1/1916,186.97,5.71,10.68
1/1/1917,181.02,5.96,10.78
2/1/1917,166.54,6.42,10.7
3/1/1917,171.7,6.34,10.88
4/1/1917,161.06,6.54,10.54
5/1/1917,153.19,6.88,10.55
6/1/1917,153.9,6.97,10.73
7/1/1917,151.98,7.28,11.07
8/1/1917,145.21,7.62,11.07
9/1/1917,135.12,8.13,10.98
10/1/1917,125.9,8.72,10.98
11/1/1917,115.41,9.66,11.15
12/1/1917,109.85,10.15,11.15
1/1/1918,113.97,9.43,10.75
2/1/1918,116.62,9.02,10.52
3/1/1918,115.08,9.07,10.43
4/1/1918,112.37,9.02,10.13
5/1/1918,113.55,8.6,9.77
6/1/1918,112.16,8.46,9.48
7/1/1918,110.07,8.26,9.09
8/1/1918,108.93,8.05,8.77
9/1/1918,106.29,7.96,8.46
10/1/1918,108.72,7.51,8.16
11/1/1918,109.43,7.2,7.87
12/1/1918,105.96,7.22,7.65
1/1/1919,105.29,7.26,7.65
2/1/1919,107.65,7.11,7.65
3/1/1919,109.58,6.9,7.56
4/1/1919,111.19,6.67,7.42
5/1/1919,117.46,6.13,7.2
6/1/1919,120.61,5.97,7.2
7/1/1919,120.96,5.78,7
8/1/1919,110.91,6.09,6.75
9/1/1919,112.02,5.99,6.71
10/1/1919,115.79,5.7,6.6
11/1/1919,109.94,5.77,6.34
12/1/1919,104.45,5.94,6.21
1/1/1920,101.25,6,6.08
2/1/1920,91.93,6.54,6.02
3/1/1920,97.4,6.11,5.95
4/1/1920,93.76,6.05,5.67
5/1/1920,86.59,6.45,5.59
6/1/1920,83.86,6.57,5.51
7/1/1920,84.16,6.57,5.53
8/1/1920,82.85,6.84,5.67
9/1/1920,87.09,6.61,5.75
10/1/1920,87.63,6.47,5.67
11/1/1920,83.61,6.82,5.7
12/1/1920,77.69,7.49,5.82
1/1/1921,82.82,7.17,5.94
2/1/1921,84.92,7.08,6.01
3/1/1921,83.2,7.27,6.05
4/1/1921,84.49,7.09,5.99
5/1/1921,89.02,6.88,6.13
6/1/1921,82.36,7.48,6.16
7/1/1921,81.65,7.35,6
8/1/1921,80.65,7.44,6
9/1/1921,83.59,7.11,5.94
10/1/1921,84.73,7.01,5.94
11/1/1921,89.8,6.52,5.85
12/1/1921,93.51,6.29,5.88
1/1/1922,95.6,6.3,6.02
2/1/1922,97.69,6.3,6.15
3/1/1922,102.57,6.07,6.23
4/1/1922,108.8,5.85,6.36
5/1/1922,113.04,5.63,6.36
6/1/1922,111.98,5.8,6.49
7/1/1922,112.1,5.76,6.45
8/1/1922,117.72,5.55,6.53
9/1/1922,120.79,5.52,6.67
10/1/1922,122.71,5.4,6.63
11/1/1922,115.92,5.8,6.72
12/1/1922,114.98,5.81,6.68
1/1/1923,117.24,5.73,6.72
2/1/1923,122.25,5.5,6.72
3/1/1923,124.22,5.51,6.85
4/1/1923,119.17,5.71,6.81
5/1/1923,113.54,6,6.81
6/1/1923,108.57,6.24,6.77
7/1/1923,103.71,6.45,6.69
8/1/1923,104.83,6.42,6.73
9/1/1923,104.86,6.5,6.82
10/1/1923,102.72,6.6,6.78
11/1/1923,105.79,6.41,6.78
12/1/1923,109.38,6.2,6.78
1/1/1924,112.96,6,6.78
2/1/1924,114.13,5.98,6.82
3/1/1924,112.6,6.21,6.99
4/1/1924,110.66,6.35,7.03
5/1/1924,110.26,6.38,7.03
6/1/1924,112.35,6.26,7.03
7/1/1924,116.87,5.98,6.99
8/1/1924,121.59,5.78,7.03
9/1/1924,119.71,5.95,7.12
10/1/1924,117.47,6.02,7.08
11/1/1924,124.04,5.71,7.08
12/1/1924,129.97,5.41,7.04
1/1/1925,135.34,5.2,7.04
2/1/1925,137.29,5.25,7.21
3/1/1925,132.91,5.39,7.16
4/1/1925,132.27,5.54,7.33
5/1/1925,135.73,5.37,7.29
6/1/1925,136.58,5.37,7.33
7/1/1925,138.79,5.23,7.25
8/1/1925,140.66,5.16,7.25
9/1/1925,143.91,5.13,7.38
10/1/1925,148.67,4.96,7.38
11/1/1925,150.74,4.89,7.38
12/1/1925,154.05,4.82,7.42
1/1/1926,156.4,4.82,7.54
2/1/1926,156.65,4.89,7.67
3/1/1926,146.84,5.25,7.71
4/1/1926,141.94,5.49,7.79
5/1/1926,143.73,5.54,7.96
6/1/1926,151.42,5.37,8.13
7/1/1926,159.6,5.15,8.22
8/1/1926,166.87,5.03,8.39
9/1/1926,168.45,5.03,8.47
10/1/1926,163.72,5.22,8.55
11/1/1926,164.92,5.16,8.5
12/1/1926,168.67,5.11,8.63
1/1/1927,169.46,5.22,8.85
2/1/1927,173.74,5.12,8.9
3/1/1927,177.43,5.12,9.08
4/1/1927,181.78,5.07,9.21
5/1/1927,186.97,4.9,9.16
6/1/1927,187.23,4.9,9.18
7/1/1927,194.7,4.86,9.47
8/1/1927,206.26,4.62,9.52
9/1/1927,216.7,4.43,9.59
10/1/1927,212.15,4.56,9.67
11/1/1927,218.24,4.45,9.72
12/1/1927,223.36,4.41,9.85
1/1/1928,224.25,4.45,9.98
2/1/1928,224.16,4.5,10.09
3/1/1928,236.19,4.33,10.22
4/1/1928,251.08,4.12,10.35
5/1/1928,257.34,4,10.29
6/1/1928,246.16,4.26,10.48
7/1/1928,247.97,4.28,10.61
8/1/1928,255.99,4.15,10.61
9/1/1928,270.82,3.92,10.62
10/1/1928,277.92,3.89,10.81
11/1/1928,296.71,3.64,10.81
12/1/1928,299.61,3.67,11
1/1/1929,321.74,3.46,11.13
2/1/1929,323.42,3.48,11.26
3/1/1929,331.05,3.46,11.46
4/1/1929,331.05,3.52,11.65
5/1/1929,334.05,3.51,11.72
6/1/1929,338.44,3.48,11.78
7/1/1929,364.33,3.23,11.77
8/1/1929,385.05,3.09,11.9
9/1/1929,400.4,3,12.02
10/1/1929,358.06,3.39,12.15
11/1/1929,263.27,4.66,12.28
12/1/1929,275.35,4.53,12.48
1/1/1930,280.97,4.47,12.55
2/1/1930,300.33,4.2,12.63
3/1/1930,313.5,4.05,12.7
4/1/1930,331.44,3.81,12.63
5/1/1930,313.5,4.05,12.7
6/1/1930,283.49,4.55,12.91
7/1/1930,280.77,4.65,13.07
8/1/1930,278.85,4.71,13.14
9/1/1930,277.04,4.72,13.07
10/1/1930,240.36,5.47,13.14
11/1/1930,224.28,5.9,13.22
12/1/1930,213.2,6.32,13.47
1/1/1931,222.42,6.07,13.5
2/1/1931,242.45,5.52,13.39
3/1/1931,248.69,5.36,13.34
4/1/1931,226.45,5.86,13.28
5/1/1931,207.28,6.35,13.16
6/1/1931,203.28,6.49,13.19
7/1/1931,210.02,6.21,13.04
8/1/1931,203.72,6.26,12.75
9/1/1931,174.54,7.27,12.69
10/1/1931,152.24,8.29,12.63
11/1/1931,156.42,7.99,12.5
12/1/1931,127.94,9.72,12.43
1/1/1932,128.45,9.52,12.23
2/1/1932,129.18,9.36,12.09
3/1/1932,130.57,8.96,11.7
4/1/1932,99.99,11.31,11.3
5/1/1932,89.01,12.52,11.15
6/1/1932,77.62,13.84,10.74
7/1/1932,81.53,12.57,10.25
8/1/1932,123.44,8.1,10
9/1/1932,136.42,7.02,9.58
10/1/1932,118.48,7.72,9.15
11/1/1932,118.2,7.52,8.89
12/1/1932,115.22,7.33,8.45
1/1/1933,121.63,7.05,8.58
2/1/1933,108.91,7.84,8.54
3/1/1933,109.43,7.87,8.61
4/1/1933,121.02,6.97,8.43
5/1/1933,155.8,5.41,8.43
6/1/1933,181.06,4.52,8.19
7/1/1933,189.72,4.19,7.94
8/1/1933,178.89,4.31,7.71
9/1/1933,177.38,4.35,7.71
10/1/1933,160.11,4.71,7.54
11/1/1933,163.97,4.6,7.54
12/1/1933,167.16,4.41,7.38
1/1/1934,176.71,4.17,7.38
2/1/1934,188.36,3.89,7.32
3/1/1934,178.71,4.1,7.32
4/1/1934,181.71,4.03,7.32
5/1/1934,163.24,4.49,7.32
6/1/1934,164.17,4.53,7.43
7/1/1934,156.4,4.75,7.43
8/1/1934,150.29,4.95,7.43
9/1/1934,144.5,5.07,7.32
10/1/1934,146.72,5.03,7.38
11/1/1934,150.82,4.89,7.38
12/1/1934,152.94,4.86,7.43
1/1/1935,150.69,4.86,7.32
2/1/1935,145.06,5.01,7.27
3/1/1935,135.86,5.35,7.27
4/1/1935,144.97,4.98,7.22
5/1/1935,156.36,4.51,7.06
6/1/1935,163.48,4.35,7.11
7/1/1935,172.04,4.13,7.11
8/1/1935,183.67,3.87,7.11
9/1/1935,187.55,3.79,7.11
10/1/1935,192.56,3.78,7.27
11/1/1935,209.12,3.53,7.38
12/1/1935,209.12,3.6,7.54
1/1/1936,220.67,3.49,7.7
2/1/1936,233.34,3.37,7.86
3/1/1936,240.05,3.36,8.08
4/1/1936,240.37,3.49,8.4
5/1/1936,227.61,3.76,8.56
6/1/1936,235.58,3.74,8.82
7/1/1936,247.74,3.66,9.08
8/1/1936,250.87,3.72,9.33
9/1/1936,253.72,3.8,9.64
10/1/1936,266.99,3.85,10.28
11/1/1936,274.42,3.92,10.75
12/1/1936,269.68,4.22,11.38
1/1/1937,276.09,4.15,11.46
2/1/1937,284.25,4.09,11.61
3/1/1937,281.94,4.15,11.69
4/1/1937,263.25,4.59,12.07
5/1/1937,249.74,4.98,12.45
6/1/1937,240.37,5.37,12.91
7/1/1937,252.9,4.95,12.52
8/1/1937,255.5,4.72,12.06
9/1/1937,217.82,5.36,11.67
10/1/1937,186.14,6.35,11.82
11/1/1937,170.94,7.05,12.06
12/1/1937,169.36,7.26,12.3
1/1/1938,176.27,6.98,12.31
2/1/1938,173.28,7.16,12.4
3/1/1938,161.82,7.57,12.24
4/1/1938,154.14,7.79,12
5/1/1938,156.64,7.52,11.77
6/1/1938,160.25,7.25,11.61
7/1/1938,192.12,5.8,11.14
8/1/1938,193.21,5.61,10.83
9/1/1938,184.43,5.62,10.36
10/1/1938,206.45,4.67,9.64
11/1/1938,206.61,4.28,8.85
12/1/1938,200.6,4.02,8.06
1/1/1939,197.6,4.08,8.06
2/1/1939,197.43,4.19,8.28
3/1/1939,197.27,4.2,8.28
4/1/1939,173.68,4.8,8.34
5/1/1939,180.1,4.72,8.5
6/1/1939,183.3,4.64,8.5
7/1/1939,187.79,4.61,8.66
8/1/1939,185.07,4.77,8.82
9/1/1939,200.43,4.39,8.79
10/1/1939,203.92,4.5,9.17
11/1/1939,200.29,4.74,9.48
12/1/1939,195.54,5.01,9.8
1/1/1940,195.84,5.04,9.87
2/1/1940,193.17,5.16,9.96
3/1/1940,192.07,5.19,9.96
4/1/1940,193.96,5.22,10.12
5/1/1940,167.25,6.05,10.12
6/1/1940,151.78,6.72,10.2
7/1/1940,157.92,6.61,10.43
8/1/1940,161.24,6.47,10.43
9/1/1940,168.04,6.3,10.59
10/1/1940,169.62,6.24,10.59
11/1/1940,173.57,6.1,10.59
12/1/1940,165.28,6.36,10.52
1/1/1941,165.59,6.35,10.52
2/1/1941,155.23,6.88,10.67
3/1/1941,155.07,6.83,10.6
4/1/1941,149.19,7.05,10.52
5/1/1941,144.93,7.32,10.6
6/1/1941,146.94,7.07,10.39
7/1/1941,154.47,6.73,10.39
8/1/1941,151.65,6.86,10.4
9/1/1941,150.08,6.84,10.26
10/1/1941,142.19,7.12,10.13
11/1/1941,134.65,7.58,10.2
12/1/1941,125.08,8.11,10.14
1/1/1942,125.88,7.84,9.87
2/1/1942,121.16,8.09,9.8
3/1/1942,113.14,8.44,9.54
4/1/1942,107.77,8.67,9.35
5/1/1942,107.67,8.45,9.1
6/1/1942,113.1,7.92,8.96
7/1/1942,116.59,7.52,8.77
8/1/1942,115.22,7.33,8.45
9/1/1942,116.42,7.14,8.32
10/1/1942,123.51,6.55,8.08
11/1/1942,124.75,6.34,7.9
12/1/1942,124.67,6.2,7.73
1/1/1943,132.13,5.85,7.73
2/1/1943,139.99,5.52,7.73
3/1/1943,142.44,5.33,7.59
4/1/1943,145.5,5.16,7.5
5/1/1943,150.36,4.96,7.46
6/1/1943,153.02,4.88,7.46
7/1/1943,157.08,4.78,7.5
8/1/1943,150.18,5.11,7.68
9/1/1943,152.5,5,7.63
10/1/1943,151.1,5.05,7.63
11/1/1943,144.11,5.38,7.76
12/1/1943,146.01,5.31,7.76
1/1/1944,150.72,5.15,7.76
2/1/1944,149.7,5.27,7.89
3/1/1944,153.9,5.12,7.89
4/1/1944,150.36,5.21,7.84
5/1/1944,153.02,5.21,7.97
6/1/1944,159.32,4.97,7.92
7/1/1944,162.54,4.85,7.88
8/1/1944,160.17,5,8
9/1/1944,157.54,5.08,8
10/1/1944,161.42,4.96,8
11/1/1944,160.29,4.99,8
12/1/1944,162.87,4.89,7.96
1/1/1945,167.72,4.74,7.96
2/1/1945,173.32,4.66,8.08
3/1/1945,173.19,4.67,8.08
4/1/1945,177.55,4.55,8.08
5/1/1945,183.23,4.39,8.04
6/1/1945,184.51,4.31,7.95
7/1/1945,180.72,4.4,7.95
8/1/1945,181.33,4.45,8.07
9/1/1945,193.68,4.17,8.07
10/1/1945,201.75,4,8.07
11/1/1945,208.35,3.87,8.07
12/1/1945,210.73,3.81,8.03
1/1/1946,219.12,3.72,8.15
2/1/1946,220.94,3.71,8.19
3/1/1946,212,3.88,8.22
4/1/1946,224.44,3.64,8.18
5/1/1946,223.7,3.64,8.13
6/1/1946,219.89,3.66,8.05
7/1/1946,201.75,3.77,7.6
8/1/1946,193.92,3.9,7.56
9/1/1946,163.7,4.57,7.49
10/1/1946,156.94,4.75,7.45
11/1/1946,152.63,4.77,7.27
12/1/1946,155.74,4.69,7.31
1/1/1947,156.56,4.67,7.31
2/1/1947,162.64,4.56,7.41
3/1/1947,153.2,4.75,7.28
4/1/1947,147.54,5,7.38
5/1/1947,144.91,5.23,7.58
6/1/1947,149.28,5.12,7.65
7/1/1947,157.21,4.88,7.68
8/1/1947,152.06,5.05,7.67
9/1/1947,144.91,5.25,7.6
10/1/1947,148.66,5.24,7.79
11/1/1947,146.29,5.37,7.86
12/1/1947,142.15,5.59,7.94
1/1/1948,138.48,5.66,7.84
2/1/1948,132.79,6.03,8
3/1/1948,135.25,5.94,8.04
4/1/1948,143.2,5.52,7.9
5/1/1948,149.55,5.26,7.87
6/1/1948,154.46,5.05,7.81
7/1/1948,148.93,5.24,7.8
8/1/1948,143.99,5.4,7.77
9/1/1948,142.36,5.52,7.86
10/1/1948,146.84,5.5,8.07
11/1/1948,139.83,5.95,8.32
12/1/1948,139.49,6.12,8.54
1/1/1949,141.64,6.18,8.76
2/1/1949,137.34,6.5,8.93
3/1/1949,138.64,6.57,9.11
4/1/1949,137.88,6.65,9.17
5/1/1949,137.44,6.83,9.39
6/1/1949,129.36,7.3,9.45
7/1/1949,137.83,6.98,9.62
8/1/1949,142.18,6.74,9.58
9/1/1949,143.43,6.71,9.63
10/1/1949,148.38,6.73,9.99
11/1/1949,149.8,6.89,10.32
12/1/1949,155.1,6.89,10.69
1/1/1950,158.97,6.81,10.83
2/1/1950,162.07,6.74,10.92
3/1/1950,162.7,6.74,10.97
4/1/1950,167.3,6.61,11.07
5/1/1950,172.19,6.45,11.11
6/1/1950,174.26,6.4,11.16
7/1/1950,159.6,7.13,11.39
8/1/1950,167.85,7,11.75
9/1/1950,173.06,6.97,12.06
10/1/1950,178.76,6.95,12.41
11/1/1950,177.68,7.16,12.72
12/1/1950,174.83,7.44,13.01
1/1/1951,184.8,7.02,12.98
2/1/1951,189.45,6.82,12.92
3/1/1951,185.54,7.03,13.04
4/1/1951,188.03,6.98,13.12
5/1/1951,187.39,7.07,13.24
6/1/1951,184.14,7.24,13.33
7/1/1951,187.39,7.07,13.24
8/1/1951,195.59,6.68,13.07
9/1/1951,199.09,6.47,12.89
10/1/1951,197.32,6.34,12.5
11/1/1951,190.38,6.38,12.16
12/1/1951,195.5,6.02,11.78
1/1/1952,202.02,5.83,11.78
2/1/1952,199.85,5.98,11.95
3/1/1952,200.36,5.96,11.95
4/1/1952,199.01,6.02,11.99
5/1/1952,198.93,6.07,12.07
6/1/1952,203.61,5.95,12.11
7/1/1952,207.88,5.78,12.02
8/1/1952,208.71,5.76,12.02
9/1/1952,205.4,5.85,12.02
10/1/1952,201.09,5.94,11.94
11/1/1952,207.47,5.67,11.77
12/1/1952,215.84,5.41,11.69
1/1/1953,217.82,5.39,11.73
2/1/1953,215.97,5.45,11.78
3/1/1953,216.23,5.43,11.73
4/1/1953,205.59,5.71,11.73
5/1/1953,205.89,5.72,11.77
6/1/1953,197.78,5.93,11.73
7/1/1953,200.58,5.85,11.73
8/1/1953,200.66,5.82,11.68
9/1/1953,191.45,6.1,11.68
10/1/1953,196.47,5.97,11.72
11/1/1953,201.56,5.88,11.85
12/1/1953,204.28,5.84,11.93
1/1/1954,209.46,5.73,12.01
2/1/1954,214.07,5.61,12.01
3/1/1954,218.6,5.53,12.09
4/1/1954,228.16,5.28,12.06
5/1/1954,236.37,5.08,12.01
6/1/1954,238.26,5.01,11.93
7/1/1954,247.88,4.85,12.01
8/1/1954,252.82,4.75,12.01
9/1/1954,259.71,4.67,12.14
10/1/1954,265.74,4.63,12.3
11/1/1954,276.14,4.55,12.55
12/1/1954,289.86,4.4,12.76
1/1/1955,295.08,4.35,12.85
2/1/1955,304.94,4.21,12.85
3/1/1955,302.54,4.27,12.93
4/1/1955,312.98,4.13,12.93
5/1/1955,311.66,4.18,13.01
6/1/1955,329.73,3.95,13.01
7/1/1955,352.53,3.72,13.13
8/1/1955,350.38,3.77,13.21
9/1/1955,364.79,3.65,13.33
10/1/1955,346.44,3.87,13.41
11/1/1955,369.81,3.63,13.41
12/1/1955,374.66,3.61,13.54
1/1/1956,364.58,3.78,13.79
2/1/1956,366.9,3.83,14.04
3/1/1956,392.16,3.64,14.29
4/1/1956,395.31,3.64,14.4
5/1/1956,381.47,3.82,14.59
6/1/1956,376.47,3.89,14.65
7/1/1956,394,3.71,14.62
8/1/1956,393.09,3.77,14.84
9/1/1956,378.33,3.93,14.86
10/1/1956,372.12,3.91,14.57
11/1/1956,368.26,3.87,14.24
12/1/1956,372.38,3.75,13.95
1/1/1957,364.28,3.83,13.95
2/1/1957,347.3,3.98,13.82
3/1/1957,350.51,3.93,13.77
4/1/1957,357.35,3.84,13.72
5/1/1957,369.75,3.7,13.67
6/1/1957,374.49,3.64,13.63
7/1/1957,379.36,3.59,13.61
8/1/1957,358.48,3.82,13.69
9/1/1957,343.93,4,13.76
10/1/1957,322.5,4.29,13.84
11/1/1957,314.43,4.41,13.87
12/1/1957,314.28,4.44,13.95
1/1/1958,318.19,4.33,13.77
2/1/1958,319.27,4.31,13.77
3/1/1958,323.59,4.2,13.6
4/1/1958,324.23,4.16,13.48
5/1/1958,334.65,3.98,13.32
6/1/1958,342.69,3.87,13.25
7/1/1958,350.89,3.76,13.2
8/1/1958,365.28,3.63,13.25
9/1/1958,374.93,3.53,13.25
10/1/1958,390.16,3.42,13.32
11/1/1958,400.65,3.31,13.28
12/1/1958,409.61,3.27,13.4
1/1/1959,424.46,3.16,13.43
2/1/1959,419.42,3.21,13.48
3/1/1959,430.06,3.15,13.55
4/1/1959,435.75,3.12,13.58
5/1/1959,442.31,3.07,13.58
6/1/1959,436.99,3.12,13.61
7/1/1959,452.78,3.01,13.64
8/1/1959,450.2,3.03,13.64
9/1/1959,430.91,3.17,13.67
10/1/1959,429.07,3.19,13.7
11/1/1959,430.8,3.18,13.7
12/1/1959,444.58,3.1,13.78
1/1/1960,438.31,3.22,14.12
2/1/1960,419.89,3.41,14.3
3/1/1960,414.17,3.53,14.6
4/1/1960,418.09,3.48,14.55
5/1/1960,414.26,3.53,14.63
6/1/1960,428.12,3.41,14.58
7/1/1960,417.5,3.49,14.58
8/1/1960,422.51,3.45,14.58
9/1/1960,409.8,3.56,14.58
10/1/1960,399.03,3.63,14.48
11/1/1960,411.95,3.52,14.48
12/1/1960,421.83,3.43,14.48
1/1/1961,443.51,3.27,14.48
2/1/1961,461.71,3.12,14.41
3/1/1961,476.19,3.03,14.41
4/1/1961,488.89,2.95,14.41
5/1/1961,493.86,2.92,14.41
6/1/1961,487.33,2.96,14.41
7/1/1961,482.75,2.98,14.39
8/1/1961,501.76,2.88,14.43
9/1/1961,496.18,2.91,14.46
10/1/1961,501.64,2.91,14.61
11/1/1961,524.36,2.81,14.75
12/1/1961,529.23,2.82,14.9
1/1/1962,509.53,2.94,14.98
2/1/1962,516.29,2.89,14.93
3/1/1962,516.81,2.9,15
4/1/1962,498.68,3.01,15.02
5/1/1962,461.6,3.25,15.02
6/1/1962,407.66,3.7,15.1
7/1/1962,416.11,3.63,15.12
8/1/1962,427.43,3.54,15.12
9/1/1962,422.24,3.59,15.14
10/1/1962,408.91,3.74,15.29
11/1/1962,437.09,3.51,15.36
12/1/1962,456.02,3.4,15.51
1/1/1963,473.63,3.29,15.58
2/1/1963,479.89,3.25,15.58
3/1/1963,476.51,3.27,15.6
4/1/1963,498.93,3.16,15.75
5/1/1963,508.94,3.11,15.82
6/1/1963,507.06,3.14,15.91
7/1/1963,497.91,3.19,15.86
8/1/1963,511.68,3.11,15.93
9/1/1963,525.16,3.03,15.93
10/1/1963,524.75,3.05,16.02
11/1/1963,521.8,3.11,16.24
12/1/1963,531.22,3.07,16.33
1/1/1964,547.55,3.01,16.47
2/1/1964,554.28,2.98,16.54
3/1/1964,564.38,2.96,16.69
4/1/1964,572.54,2.94,16.83
5/1/1964,578.13,2.92,16.9
6/1/1964,572.84,2.97,16.99
7/1/1964,592.2,2.88,17.08
8/1/1964,585.4,2.95,17.28
9/1/1964,593.55,2.93,17.36
10/1/1964,603.8,2.9,17.51
11/1/1964,606.05,2.9,17.59
12/1/1964,595.55,2.98,17.73
1/1/1965,610.87,2.93,17.88
2/1/1965,615.34,2.92,17.95
3/1/1965,613.94,2.94,18.03
4/1/1965,620.02,2.92,18.11
5/1/1965,629.25,2.9,18.25
6/1/1965,595.58,3.07,18.28
7/1/1965,594.67,3.1,18.42
8/1/1965,605.73,3.05,18.49
9/1/1965,625.97,2.98,18.63
10/1/1965,638.03,2.93,18.71
11/1/1965,643.33,2.93,18.85
12/1/1965,638.39,2.97,18.93
1/1/1966,649.45,2.94,19.07
2/1/1966,641.04,2.98,19.09
3/1/1966,612.77,3.13,19.17
4/1/1966,627.62,3.06,19.18
5/1/1966,594.59,3.24,19.25
6/1/1966,587.84,3.29,19.33
7/1/1966,584.53,3.32,19.41
8/1/1966,545.83,3.56,19.42
9/1/1966,526.61,3.71,19.56
10/1/1966,518.83,3.73,19.37
11/1/1966,544.8,3.56,19.37
12/1/1966,547.09,3.53,19.31
1/1/1967,568.07,3.41,19.37
2/1/1967,587.65,3.31,19.44
3/1/1967,599.68,3.24,19.45
4/1/1967,608.17,3.19,19.39
5/1/1967,617.2,3.13,19.33
6/1/1967,607.64,3.17,19.27
7/1/1967,616.29,3.13,19.28
8/1/1967,624.23,3.08,19.22
9/1/1967,631.06,3.05,19.23
10/1/1967,628.21,3.05,19.18
11/1/1967,606.7,3.15,19.12
12/1/1967,622.15,3.06,19.06
1/1/1968,616.81,3.08,19.02
2/1/1968,587.25,3.24,19.02
3/1/1968,574.83,3.31,19.03
4/1/1968,615.49,3.09,19.04
5/1/1968,627.81,3.04,19.12
6/1/1968,640.97,2.98,19.07
7/1/1968,636.03,2.99,19.02
8/1/1968,620.36,3.08,19.1
9/1/1968,638.71,2.99,19.1
10/1/1968,650.76,2.93,19.06
11/1/1968,658.93,2.9,19.13
12/1/1968,663.93,2.88,19.14
1/1/1969,634.09,3.02,19.15
2/1/1969,627.46,3.04,19.1
3/1/1969,608.76,3.12,19
4/1/1969,617.6,3.07,18.96
5/1/1969,635.96,2.98,18.97
6/1/1969,599.47,3.16,18.93
7/1/1969,569.57,3.32,18.88
8/1/1969,563.32,3.33,18.78
9/1/1969,563.77,3.33,18.79
10/1/1969,566.74,3.3,18.69
11/1/1969,567.79,3.28,18.65
12/1/1969,534.84,3.47,18.55
1/1/1970,528.74,3.5,18.5
2/1/1970,507.62,3.64,18.46
3/1/1970,513.59,3.58,18.37
4/1/1970,494.07,3.69,18.22
5/1/1970,436.08,4.18,18.23
6/1/1970,431.16,4.21,18.14
7/1/1970,429.68,4.2,18.05
8/1/1970,442.17,4.09,18.1
9/1/1970,466.22,3.86,18.01
10/1/1970,473.91,3.76,17.81
11/1/1970,471.01,3.75,17.66
12/1/1970,500.73,3.49,17.46
1/1/1971,519.86,3.35,17.4
2/1/1971,538.63,3.21,17.31
3/1/1971,551.06,3.12,17.21
4/1/1971,568.45,3.02,17.16
5/1/1971,557.94,3.05,17.02
6/1/1971,543.57,3.11,16.9
7/1/1971,538.32,3.13,16.86
8/1/1971,527.46,3.18,16.76
9/1/1971,539.17,3.11,16.76
10/1/1971,526.44,3.17,16.67
11/1/1971,502.03,3.32,16.67
12/1/1971,534,3.1,16.53
1/1/1972,556.24,2.97,16.53
2/1/1972,563.72,2.92,16.45
3/1/1972,575.73,2.85,16.41
4/1/1972,580.21,2.82,16.37
5/1/1972,572.96,2.85,16.33
6/1/1972,573.18,2.84,16.29
7/1/1972,566.22,2.86,16.22
8/1/1972,584.89,2.77,16.23
9/1/1972,575.09,2.82,16.19
10/1/1972,573.42,2.83,16.22
11/1/1972,600.77,2.72,16.34
12/1/1972,611.86,2.68,16.4
1/1/1973,615.1,2.67,16.42
2/1/1973,589.13,2.77,16.3
3/1/1973,574.49,2.82,16.2
4/1/1973,559.87,2.89,16.19
5/1/1973,540.42,2.99,16.13
6/1/1973,524.74,3.07,16.12
7/1/1973,528.55,3.06,16.19
8/1/1973,509.36,3.13,15.95
9/1/1973,517.04,3.1,16.01
10/1/1973,532.89,3.01,16.06
11/1/1973,491.8,3.27,16.1
12/1/1973,454.02,3.57,16.19
1/1/1974,456.44,3.54,16.15
2/1/1974,438.17,3.66,16.04
3/1/1974,451.14,3.53,15.93
4/1/1974,426.3,3.74,15.95
5/1/1974,408.33,3.88,15.85
6/1/1974,405.54,3.9,15.81
7/1/1974,355.31,4.45,15.81
8/1/1974,336.52,4.68,15.76
9/1/1974,297.94,5.27,15.7
10/1/1974,300.74,5.17,15.55
11/1/1974,308.29,5.02,15.47
12/1/1974,286,5.37,15.35
1/1/1975,308.22,4.99,15.38
2/1/1975,337.66,4.56,15.39
3/1/1975,351.83,4.38,15.41
4/1/1975,354.43,4.34,15.4
5/1/1975,374.81,4.11,15.39
6/1/1975,381.51,4.02,15.32
7/1/1975,377.66,4.01,15.15
8/1/1975,349.33,4.33,15.12
9/1/1975,343.19,4.38,15.04
10/1/1975,357.04,4.18,14.92
11/1/1975,360.46,4.1,14.77
12/1/1975,353.7,4.15,14.67
1/1/1976,385.54,3.8,14.65
2/1/1976,398.99,3.67,14.64
3/1/1976,400.26,3.65,14.61
4/1/1976,401.99,3.64,14.64
5/1/1976,396.4,3.7,14.65
6/1/1976,396.64,3.69,14.65
7/1/1976,403.86,3.64,14.69
8/1/1976,398.28,3.7,14.73
9/1/1976,405.35,3.65,14.79
10/1/1976,389.49,3.85,14.98
11/1/1976,386.15,3.93,15.19
12/1/1976,398.13,3.87,15.4
1/1/1977,392.68,3.95,15.51
2/1/1977,378.21,4.1,15.5
3/1/1977,374.18,4.17,15.58
4/1/1977,365.35,4.29,15.68
5/1/1977,362.46,4.35,15.78
6/1/1977,362.01,4.39,15.9
7/1/1977,363.53,4.4,16
8/1/1977,353.48,4.55,16.09
9/1/1977,346.85,4.68,16.22
10/1/1977,336.78,4.86,16.38
11/1/1977,337.08,4.89,16.48
12/1/1977,334.35,4.98,16.64
1/1/1978,319.57,5.22,16.68
2/1/1978,313.07,5.35,16.75
3/1/1978,310.04,5.4,16.76
4/1/1978,321.09,5.22,16.76
5/1/1978,334.23,5,16.71
6/1/1978,331.49,5.03,16.67
7/1/1978,327.38,5.09,16.67
8/1/1978,348.4,4.79,16.7
9/1/1978,345.78,4.83,16.71
10/1/1978,331.8,5.01,16.62
11/1/1978,310.98,5.33,16.58
12/1/1978,314.18,5.28,16.57
1/1/1979,323.09,5.12,16.56
2/1/1979,314.61,5.25,16.53
3/1/1979,317.38,5.19,16.49
4/1/1979,320.05,5.14,16.46
5/1/1979,308.69,5.3,16.37
6/1/1979,311.3,5.25,16.35
7/1/1979,310.92,5.26,16.35
8/1/1979,322.07,5.07,16.34
9/1/1979,322.18,5.07,16.35
10/1/1979,307.54,5.32,16.36
11/1/1979,302.37,5.4,16.33
12/1/1979,311.05,5.24,16.3
1/1/1980,315.47,5.14,16.21
2/1/1980,323.41,4.99,16.13
3/1/1980,289.28,5.54,16.02
4/1/1980,281.42,5.68,15.98
5/1/1980,291.38,5.47,15.94
6/1/1980,306.68,5.18,15.9
7/1/1980,320.59,4.99,16
8/1/1980,328.11,4.88,16.02
9/1/1980,333.28,4.8,15.99
10/1/1980,339.79,4.69,15.92
11/1/1980,351.25,4.52,15.87
12/1/1980,342.35,4.61,15.8
1/1/1981,338.32,4.66,15.77
2/1/1981,323.28,4.86,15.71
3/1/1981,333.09,4.71,15.7
4/1/1981,333.83,4.7,15.7
5/1/1981,324.57,4.82,15.65
6/1/1981,323.17,4.83,15.61
7/1/1981,311.91,4.98,15.54
8/1/1981,310.75,5,15.54
9/1/1981,280.91,5.51,15.48
10/1/1981,283.86,5.48,15.54
11/1/1981,290.28,5.36,15.56
12/1/1981,291.47,5.36,15.61
1/1/1982,275.29,5.68,15.63
2/1/1982,267.86,5.84,15.65
3/1/1982,259.48,6.06,15.74
4/1/1982,271.22,5.8,15.74
5/1/1982,268.9,5.82,15.66
6/1/1982,250.29,6.21,15.54
7/1/1982,248.32,6.23,15.48
8/1/1982,248.49,6.24,15.49
9/1/1982,276.69,5.6,15.48
10/1/1982,299.06,5.17,15.46
11/1/1982,311.87,4.97,15.49
12/1/1982,316.09,4.93,15.58
1/1/1983,326.53,4.77,15.57
2/1/1983,331.85,4.7,15.6
3/1/1983,343.38,4.55,15.62
4/1/1983,353.96,4.39,15.53
5/1/1983,366.1,4.22,15.46
6/1/1983,370.11,4.17,15.44
7/1/1983,369.96,4.17,15.42
8/1/1983,358.69,4.3,15.42
9/1/1983,367.46,4.19,15.38
10/1/1983,367.46,4.19,15.4
11/1/1983,361.27,4.27,15.44
12/1/1983,359.16,4.31,15.49
1/1/1984,361.39,4.28,15.46
2/1/1984,339.96,4.55,15.45
3/1/1984,339.51,4.56,15.49
4/1/1984,338.3,4.58,15.5
5/1/1984,335.18,4.64,15.56
6/1/1984,326.74,4.77,15.6
7/1/1984,321.23,4.85,15.58
8/1/1984,348.17,4.48,15.59
9/1/1984,350.09,4.44,15.55
10/1/1984,346.36,4.51,15.62
11/1/1984,349.51,4.5,15.72
12/1/1984,345.73,4.58,15.83
1/1/1985,359.97,4.41,15.88
2/1/1985,377.69,4.21,15.91
3/1/1985,373.15,4.27,15.93
4/1/1985,373.89,4.26,15.92
5/1/1985,381.36,4.17,15.9
6/1/1985,388.53,4.1,15.92
7/1/1985,395.2,4.04,15.95
8/1/1985,385.86,4.15,16
9/1/1985,376.21,4.26,16.02
10/1/1985,379.1,4.22,16
11/1/1985,401,3.99,16
12/1/1985,419.74,3.81,16
1/1/1986,420.41,3.81,16.03
2/1/1986,444.24,3.64,16.16
3/1/1986,472.52,3.45,16.31
4/1/1986,485.01,3.38,16.4
5/1/1986,484.69,3.38,16.4
6/1/1986,495.77,3.3,16.37
7/1/1986,485.47,3.39,16.45
8/1/1986,494.27,3.34,16.52
9/1/1986,478.57,3.45,16.53
10/1/1986,476.33,3.48,16.55
11/1/1986,491.33,3.37,16.56
12/1/1986,497.9,3.33,16.58
1/1/1987,526.41,3.14,16.52
2/1/1987,557.04,2.96,16.5
3/1/1987,577.46,2.85,16.46
4/1/1987,568.1,2.9,16.5
5/1/1987,565.7,2.93,16.55
6/1/1987,587.69,2.83,16.61
7/1/1987,603.06,2.76,16.67
8/1/1987,637.23,2.61,16.66
9/1/1987,613.32,2.72,16.67
10/1/1987,537.82,3.11,16.72
11/1/1987,469.85,3.58,16.8
12/1/1987,462.18,3.66,16.9
1/1/1988,479.15,3.54,16.95
2/1/1988,492.41,3.45,16.98
3/1/1988,504.74,3.37,17
4/1/1988,496.29,3.44,17.08
5/1/1988,482.36,3.57,17.22
6/1/1988,507.7,3.41,17.31
7/1/1988,502.57,3.46,17.39
8/1/1988,490.42,3.56,17.44
9/1/1988,495.08,3.53,17.48
10/1/1988,510.74,3.44,17.58
11/1/1988,498.55,3.56,17.73
12/1/1988,507.82,3.52,17.87
1/1/1989,521.57,3.44,17.93
2/1/1989,535.08,3.37,18.02
3/1/1989,529.66,3.41,18.06
4/1/1989,543.48,3.34,18.14
5/1/1989,561.14,3.25,18.22
6/1/1989,577.26,3.18,18.37
7/1/1989,590.46,3.14,18.54
8/1/1989,615.62,3.04,18.74
9/1/1989,614.89,3.07,18.89
10/1/1989,612.13,3.11,19.03
11/1/1989,598.01,3.21,19.2
12/1/1989,611.81,3.17,19.39
1/1/1990,590.57,3.28,19.35
2/1/1990,571.34,3.4,19.42
3/1/1990,582.01,3.34,19.47
4/1/1990,580.63,3.38,19.64
5/1/1990,599.95,3.3,19.78
6/1/1990,613.99,3.24,19.88
7/1/1990,611.03,3.26,19.91
8/1/1990,556.22,3.56,19.81
9/1/1990,526.02,3.75,19.75
10/1/1990,509.13,3.88,19.78
11/1/1990,521.5,3.81,19.86
12/1/1990,543.76,3.68,20.01
1/1/1991,535.17,3.72,19.91
2/1/1991,594.75,3.34,19.88
3/1/1991,610.29,3.26,19.87
4/1/1991,621.5,3.19,19.86
5/1/1991,616.91,3.21,19.81
6/1/1991,615.58,3.21,19.77
7/1/1991,617.83,3.21,19.81
8/1/1991,630.88,3.14,19.83
9/1/1991,624.57,3.17,19.81
10/1/1991,623.15,3.17,19.73
11/1/1991,619.8,3.17,19.64
12/1/1991,623.5,3.14,19.58
1/1/1992,666.78,2.94,19.62
2/1/1992,658.76,2.98,19.61
3/1/1992,647.18,3.02,19.57
4/1/1992,646.34,3.02,19.55
5/1/1992,657.13,2.97,19.52
6/1/1992,644.47,3.02,19.45
7/1/1992,653.77,2.97,19.44
8/1/1992,656.44,2.96,19.43
9/1/1992,655.44,2.96,19.41
10/1/1992,643.8,3,19.34
11/1/1992,659.01,2.93,19.29
12/1/1992,679.43,2.84,19.31
1/1/1993,675.46,2.85,19.26
2/1/1993,683.11,2.82,19.25
3/1/1993,693.77,2.77,19.23
4/1/1993,680.96,2.82,19.2
5/1/1993,683.34,2.81,19.2
6/1/1993,686.7,2.79,19.19
7/1/1993,685.52,2.8,19.19
8/1/1993,694.09,2.76,19.14
9/1/1993,700.44,2.73,19.1
10/1/1993,704.64,2.7,19.05
11/1/1993,702.62,2.71,19.06
12/1/1993,707.27,2.7,19.1
1/1/1994,715.99,2.67,19.1
2/1/1994,711.42,2.69,19.11
3/1/1994,697.32,2.74,19.11
4/1/1994,671.48,2.85,19.14
5/1/1994,676.53,2.84,19.21
6/1/1994,680.12,2.82,19.2
7/1/1994,673.18,2.85,19.19
8/1/1994,689.54,2.78,19.16
9/1/1994,691.72,2.77,19.15
10/1/1994,686.59,2.81,19.26
11/1/1994,681.54,2.84,19.37
12/1/1994,672.93,2.9,19.48
1/1/1995,685.06,2.83,19.41
2/1/1995,706.78,2.73,19.33
3/1/1995,720.87,2.67,19.27
4/1/1995,740,2.61,19.29
5/1/1995,761.66,2.54,19.35
6/1/1995,782.71,2.48,19.4
7/1/1995,808.86,2.41,19.5
8/1/1995,809.27,2.42,19.55
9/1/1995,836.08,2.35,19.62
10/1/1995,839.34,2.34,19.65
11/1/1995,858.05,2.3,19.77
12/1/1995,886.06,2.24,19.88
1/1/1996,880.68,2.26,19.91
2/1/1996,928.02,2.16,20
3/1/1996,919.74,2.18,20.04
4/1/1996,916.35,2.19,20.05
5/1/1996,934.46,2.15,20.08
6/1/1996,944.13,2.13,20.15
7/1/1996,907.89,2.24,20.3
8/1/1996,932.34,2.19,20.44
9/1/1996,946.5,2.17,20.56
10/1/1996,980.67,2.1,20.61
11/1/1996,1026.55,2.01,20.68
12/1/1996,1037.13,2,20.79
1/1/1997,1065.82,1.95,20.8
2/1/1997,1107.09,1.88,20.81
3/1/1997,1095.71,1.9,20.83
4/1/1997,1055.34,1.98,20.85
5/1/1997,1151.6,1.82,20.91
6/1/1997,1209.8,1.73,20.93
7/1/1997,1275.86,1.64,20.99
8/1/1997,1276.17,1.65,21.02
9/1/1997,1286.43,1.64,21.05
10/1/1997,1302.61,1.62,21.08
11/1/1997,1286.64,1.64,21.16
12/1/1997,1320.41,1.61,21.27
1/1/1998,1319.31,1.61,21.3
2/1/1998,1399.41,1.52,21.32
3/1/1998,1469.26,1.45,21.35
4/1/1998,1514.71,1.42,21.45
5/1/1998,1506.78,1.43,21.55
6/1/1998,1504.89,1.44,21.66
7/1/1998,1568.4,1.39,21.72
8/1/1998,1455.47,1.5,21.78
9/1/1998,1380.67,1.58,21.85
10/1/1998,1393.27,1.57,21.82
11/1/1998,1544.35,1.41,21.83
12/1/1998,1606.89,1.36,21.87
1/1/1999,1682.08,1.3,21.93
2/1/1999,1677.09,1.31,22.02
3/1/1999,1719.06,1.28,22.06
4/1/1999,1777.35,1.23,21.8
5/1/1999,1773.77,1.22,21.69
6/1/1999,1761.09,1.23,21.59
7/1/1999,1833.39,1.18,21.63
8/1/1999,1758.15,1.23,21.69
9/1/1999,1737.49,1.25,21.7
10/1/1999,1710.49,1.27,21.67
11/1/1999,1829.13,1.18,21.66
12/1/1999,1878.68,1.15,21.67
1/1/2000,1869.06,1.16,21.72
2/1/2000,1810.19,1.2,21.73
3/1/2000,1864.34,1.16,21.67
4/1/2000,1888,1.15,21.63
5/1/2000,1830.46,1.18,21.58
6/1/2000,1876.72,1.14,21.44
7/1/2000,1886.51,1.13,21.23
8/1/2000,1902.47,1.11,21.08
9/1/2000,1870.43,1.11,20.82
10/1/2000,1768.11,1.17,20.76
11/1/2000,1751.72,1.18,20.71
12/1/2000,1692.81,1.22,20.69
1/1/2001,1688.11,1.21,20.44
2/1/2001,1643.77,1.23,20.23
3/1/2001,1489.45,1.35,20.06
4/1/2001,1488.54,1.33,19.87
5/1/2001,1582.14,1.24,19.65
6/1/2001,1540.11,1.27,19.51
7/1/2001,1501.73,1.3,19.59
8/1/2001,1469.37,1.33,19.6
9/1/2001,1296.63,1.51,19.54
10/1/2001,1340.8,1.46,19.6
11/1/2001,1409.3,1.39,19.64
12/1/2001,1433.98,1.37,19.71
1/1/2002,1424.84,1.38,19.67
2/1/2002,1370.02,1.43,19.58
3/1/2002,1428.11,1.36,19.47
4/1/2002,1368.64,1.42,19.48
5/1/2002,1328.41,1.48,19.61
6/1/2002,1247.43,1.58,19.72
7/1/2002,1110.35,1.77,19.6
8/1/2002,1117.63,1.74,19.44
9/1/2002,1061.08,1.82,19.31
10/1/2002,1043.23,1.86,19.38
11/1/2002,1110.74,1.76,19.51
12/1/2002,1100.04,1.79,19.66
1/1/2003,1091.13,1.8,19.63
2/1/2003,1011.7,1.93,19.54
3/1/2003,1017.2,1.92,19.49
4/1/2003,1071.67,1.82,19.51
5/1/2003,1128.81,1.73,19.53
6/1/2003,1190.28,1.64,19.48
7/1/2003,1194.45,1.64,19.63
8/1/2003,1186.31,1.66,19.72
9/1/2003,1218.21,1.63,19.82
10/1/2003,1242.6,1.62,20.17
11/1/2003,1259.37,1.63,20.54
12/1/2003,1297.65,1.61,20.88
1/1/2004,1353.34,1.55,21.03
2/1/2004,1358.95,1.56,21.17
3/1/2004,1327.36,1.6,21.28
4/1/2004,1334.17,1.61,21.44
5/1/2004,1290.62,1.67,21.55
6/1/2004,1321.51,1.64,21.7
7/1/2004,1292.16,1.7,21.96
8/1/2004,1271.73,1.74,22.15
9/1/2004,1302.52,1.71,22.33
10/1/2004,1295.18,1.72,22.32
11/1/2004,1354.44,1.66,22.42
12/1/2004,1394.63,1.62,22.61
1/1/2005,1371.04,1.67,22.86
2/1/2005,1384.2,1.66,23.04
3/1/2005,1368.05,1.69,23.16
4/1/2005,1324.25,1.76,23.27
5/1/2005,1341.38,1.76,23.57
6/1/2005,1367.97,1.74,23.82
7/1/2005,1384.31,1.73,23.91
8/1/2005,1379.55,1.74,24
9/1/2005,1364.73,1.75,23.91
10/1/2005,1324.26,1.82,24.14
11/1/2005,1385.84,1.78,24.61
12/1/2005,1419.25,1.76,24.99
1/1/2006,1427.11,1.75,25.01
2/1/2006,1421.92,1.77,25.17
3/1/2006,1433.02,1.76,25.24
4/1/2006,1430.19,1.77,25.27
5/1/2006,1409.84,1.8,25.38
6/1/2006,1366.88,1.87,25.57
7/1/2006,1370.53,1.88,25.73
8/1/2006,1397.05,1.86,25.92
9/1/2006,1437.3,1.83,26.29
10/1/2006,1495.19,1.79,26.72
11/1/2006,1525.16,1.77,27.04
12/1/2006,1553.36,1.76,27.29
1/1/2007,1557.09,1.76,27.42
2/1/2007,1571.25,1.75,27.5
3/1/2007,1516.28,1.81,27.47
4/1/2007,1567.2,1.76,27.54
5/1/2007,1608.23,1.72,27.61
6/1/2007,1608.36,1.73,27.8
7/1/2007,1615.7,1.74,28.09
8/1/2007,1548.32,1.84,28.42
9/1/2007,1589.18,1.8,28.63
10/1/2007,1630.84,1.77,28.83
11/1/2007,1540.91,1.88,28.94
12/1/2007,1558.62,1.87,29.22
1/1/2008,1445.58,2.03,29.27
2/1/2008,1416.42,2.07,29.39
3/1/2008,1364.94,2.15,29.33
4/1/2008,1411.85,2.08,29.3
5/1/2008,1433.52,2.04,29.19
6/1/2008,1356.54,2.14,29.04
7/1/2008,1265.02,2.29,28.94
8/1/2008,1294.48,2.25,29.09
9/1/2008,1231.01,2.37,29.18
10/1/2008,989.99,2.96,29.33
11/1/2008,919.93,3.23,29.73
12/1/2008,923.82,3.24,29.89
1/1/2009,907.26,3.24,29.36
2/1/2009,839.83,3.43,28.82
3/1/2009,787.74,3.6,28.35
4/1/2009,880.25,3.15,27.71
5/1/2009,933.86,2.9,27.05
6/1/2009,950.24,2.76,26.26
7/1/2009,961.72,2.67,25.71
8/1/2009,1035.35,2.42,25.08
9/1/2009,1070.38,2.29,24.49
10/1/2009,1093.01,2.19,23.96
11/1/2009,1113.12,2.11,23.44
12/1/2009,1137.95,2.02,22.97
1/1/2010,1147.55,1.98,22.71
2/1/2010,1112.12,2.03,22.55
3/1/2010,1171.53,1.9,22.28
4/1/2010,1215.45,1.83,22.28
5/1/2010,1141.21,1.96,22.32
6/1/2010,1099.99,2.03,22.38
7/1/2010,1096.14,2.05,22.49
8/1/2010,1102.22,2.05,22.56
9/1/2010,1136.82,1.99,22.65
10/1/2010,1185.51,1.92,22.75
11/1/2010,1212.64,1.89,22.87
12/1/2010,1253.6,1.83,22.95
